Date,Volume,VolumeWeightedAvgPrice,OpenPrice,ClosePrice,HighestPrice,LowestPrice,UnixTimestamp,NumberOfTransactions
2023-01-03,11054778.0,135.1124,135.24,135.12,136.74,133.89,1672722000000,115529
2023-01-04,11687643.0,136.4908,135.99,136.38,137.68,135.57,1672808400000,130573
2023-01-05,8381265.0,134.988,135.66,135.35,135.71,133.7004,1672894800000,92590
2023-01-06,10029076.0,137.3405,136.125,137.94,138.38,134.49,1672981200000,115516
2023-01-09,8482297.0,137.7288,138.6,137.37,138.88,136.88,1673240400000,96203
2023-01-10,9048665.0,138.3062,137.79,138.6,138.72,137.31,1673326800000,91475
2023-01-11,8703698.0,139.24,138.9,139.63,139.75,138.1,1673413200000,103942
2023-01-12,11001666.0,139.93,140.0,139.49,140.86,139.22,1673499600000,125809
2023-01-13,20200047.0,140.7266,135.6,143.01,143.49,134.8,1673586000000,225876
2023-01-17,14292881.0,140.456,141.17,140.8,141.54,139.225,1673931600000,154842
2023-01-18,13389161.0,137.7384,138.92,136.57,140.73,136.41,1674018000000,139267
2023-01-19,13303371.0,134.8734,135.32,134.75,135.9,133.59,1674104400000,132105
2023-01-20,13092492.0,134.7617,135.16,135.08,135.49,133.55,1674190800000,123573
2023-01-23,10483768.0,136.9099,135.115,137.27,137.96,134.82,1674450000000,113302
2023-01-24,6944991.0,138.3662,140.29,138.45,140.29,135.0,1674536400000,88870
2023-01-25,8962387.0,138.3453,138.05,139.12,139.12,137.25,1674622800000,92009
2023-01-26,7487631.0,139.5063,139.42,139.98,140.06,138.36,1674709200000,84753
2023-01-27,7489946.0,140.5262,140.61,140.32,141.255,139.7499,1674795600000,89969
2023-01-30,6729255.0,139.4634,139.23,139.13,140.09,138.91,1675054800000,79741
2023-01-31,9188738.0,139.3323,139.88,139.96,140.07,138.25,1675141200000,89806
2023-02-01,8841846.0,139.5571,138.21,139.59,140.875,138.12,1675227600000,115418
2023-02-02,11822064.0,139.0708,140.0,138.94,140.46,138.0,1675314000000,139145
2023-02-03,11439232.0,140.7472,138.18,141.09,142.33,138.13,1675400400000,131014
2023-02-06,8406231.0,141.3295,140.23,141.92,142.24,140.0313,1675659600000,90434
2023-02-07,10447888.0,143.0404,141.38,143.65,144.34,141.18,1675746000000,111846
2023-02-08,6957965.0,143.0633,142.65,142.64,144.04,142.2763,1675832400000,83611
2023-02-09,6443109.0,141.0556,143.12,140.42,143.34,139.87,1675918800000,75559
2023-02-10,6582853.0,140.4591,139.78,141.04,141.28,138.59,1676005200000,81825
2023-02-13,7134607.0,142.3043,141.3,142.57,142.73,140.74,1676264400000,87909
2023-02-14,9249399.0,143.0121,142.5,143.2,143.81,141.595,1676350800000,100801
2023-02-15,6731172.0,143.2147,141.61,143.8,143.89,141.3,1676437200000,77564
2023-02-16,8165306.0,142.329,142.91,141.82,143.39,141.676,1676523600000,92229
2023-02-17,7948829.0,141.8221,140.98,142.24,142.83,140.07,1676610000000,89304
2023-02-21,9996283.0,139.6909,140.69,139.63,141.34,138.75,1676955600000,100452
2023-02-22,11104036.0,138.6308,138.92,138.56,139.43,137.435,1677042000000,107264
2023-02-23,8068010.0,139.2911,138.73,139.67,140.17,137.94,1677128400000,104005
2023-02-24,9126888.0,140.5161,139.11,140.93,141.36,138.93,1677214800000,112380
2023-02-27,10014654.0,142.4964,142.11,142.16,143.31,141.7201,1677474000000,113736
2023-02-28,11019757.0,143.0952,142.94,143.35,143.76,141.9001,1677560400000,111699
2023-03-01,7139155.0,142.6185,142.1,142.55,143.4583,141.8,1677646800000,93863
2023-03-02,11107549.0,140.7496,142.24,141.07,142.43,139.54,1677733200000,111259
2023-03-03,9513063.0,142.8166,141.51,143.66,143.74,141.08,1677819600000,104600
2023-03-06,9261255.0,143.2345,143.44,142.82,144.04,142.66,1678078800000,106793
2023-03-07,11747620.0,139.4929,142.01,138.62,142.31,137.81,1678165200000,145563
2023-03-08,10002548.0,137.7267,138.0,137.8,138.59,136.885,1678251600000,127387
2023-03-09,25888097.0,131.8995,136.76,130.34,137.35,129.215,1678338000000,275715
2023-03-10,37599655.0,132.574,128.96,133.65,135.26,127.82,1678424400000,406224
2023-03-13,42901132.0,131.7512,131.21,131.25,133.88,129.41,1678680000000,457632
2023-03-14,29648116.0,133.2389,135.28,134.62,135.53,131.29,1678766400000,310301
2023-03-15,34280607.0,128.5102,130.98,128.26,130.99,126.73,1678852800000,351195
2023-03-16,24570587.0,129.7008,128.01,130.75,131.95,126.02,1678939200000,257377
2023-03-17,38395982.0,126.205,128.38,125.81,128.48,125.45,1679025600000,273552
2023-03-20,22868705.0,127.3481,126.99,127.14,129.47,126.01,1679284800000,227510
2023-03-21,17807808.0,130.7081,130.59,130.55,131.73,130.19,1679371200000,182646
2023-03-22,17250168.0,128.9063,130.56,127.18,130.655,127.08,1679457600000,182015
2023-03-23,16671515.0,127.6119,127.9,126.84,129.53,126.02,1679544000000,183259
2023-03-24,22326916.0,124.4906,125.63,124.91,125.68,123.11,1679630400000,225454
2023-03-27,18853935.0,128.1355,126.79,128.49,129.38,126.29,1679889600000,188815
2023-03-28,10813866.0,128.6805,128.71,128.88,129.3417,127.744,1679976000000,109165
2023-03-29,14595260.0,129.0757,130.1,129.14,130.22,127.77,1680062400000,155476
2023-03-30,12134675.0,128.7189,129.95,128.75,130.12,127.65,1680148800000,135198
2023-03-31,13105215.0,129.8575,129.66,130.31,130.34,128.8514,1680235200000,125359
2023-04-03,11775388.0,130.2373,129.91,130.16,131.44,129.41,1680494400000,110541
2023-04-04,11579916.0,128.3457,130.5,128.42,130.59,127.41,1680580800000,125806
2023-04-05,9614692.0,127.4982,126.8,127.61,128.15,126.46,1680667200000,108910
2023-04-06,8760220.0,127.5575,127.0,127.47,128.08,126.8553,1680753600000,91161
2023-04-10,9477292.0,127.689,126.54,127.89,128.23,126.22,1681099200000,107330
2023-04-11,10516267.0,128.3428,128.3,128.52,128.94,127.54,1681185600000,102143
2023-04-12,11820995.0,128.889,129.18,128.5,130.43,128.0603,1681272000000,123128
2023-04-13,12450242.0,128.4472,128.46,128.99,129.04,126.83,1681358400000,136170
2023-04-14,43931328.0,137.9447,135.15,138.73,139.12,134.9001,1681444800000,431898
2023-04-17,16044486.0,139.0911,139.95,139.83,140.06,137.66,1681704000000,167780
2023-04-18,13760139.0,140.9172,140.27,141.4,141.78,139.03,1681790400000,159515
2023-04-19,9131512.0,141.0568,141.23,141.22,141.5,140.4,1681876800000,114119
2023-04-20,10586245.0,140.7995,139.91,140.81,141.43,139.84,1681963200000,122588
2023-04-21,11842537.0,140.2668,139.74,140.54,141.11,138.78,1682049600000,117598
2023-04-24,7567666.0,140.5423,140.455,140.73,141.1,140.04,1682308800000,87803
2023-04-25,10592555.0,138.423,139.6,137.67,139.96,137.625,1682395200000,120680
2023-04-26,14416145.0,135.5596,137.62,135.23,137.8093,134.0,1682481600000,161445
2023-04-27,9041092.0,136.9943,136.0,137.05,137.91,135.66,1682568000000,107609
2023-04-28,9887262.0,137.7801,136.56,138.24,138.32,135.67,1682654400000,102015
2023-05-01,20415762.0,141.9261,142.26,141.2,143.37,140.83,1682913600000,225188
2023-05-02,14113447.0,139.4183,141.4,138.92,142.41,138.43,1683000000000,178193
2023-05-03,12930906.0,137.0153,138.44,135.98,138.6687,135.76,1683086400000,156264
2023-05-04,17089164.0,133.6166,134.96,134.12,135.72,131.81,1683172800000,204069
2023-05-05,11261394.0,136.7084,136.44,136.74,137.88,135.912,1683259200000,130526
2023-05-08,7484872.0,137.1347,137.49,137.07,137.97,136.475,1683518400000,88659
2023-05-09,7343573.0,136.2249,135.93,136.41,136.95,135.21,1683604800000,92721
2023-05-10,8133016.0,136.2091,137.95,136.48,138.06,134.87,1683691200000,92921
2023-05-11,7005977.0,135.9552,135.0,136.05,136.81,134.9,1683777600000,89120
2023-05-12,9988598.0,134.1583,136.82,134.1,136.99,133.13,1683864000000,113920
2023-05-15,7639451.0,134.8897,134.27,135.23,135.67,133.96,1684123200000,94388
2023-05-16,6483267.0,134.5665,135.46,134.32,135.9382,133.96,1684209600000,82350
2023-05-17,12711522.0,137.6454,135.9,138.45,138.5899,135.46,1684296000000,135086
2023-05-18,10999607.0,138.7387,138.27,139.5,139.73,137.76,1684382400000,121703
2023-05-19,13492239.0,139.3604,139.79,139.18,140.49,138.125,1684468800000,135821
2023-05-22,11402476.0,138.833,141.0,138.03,141.64,137.66,1684728000000,144986
2023-05-23,9514897.0,137.3837,137.54,136.59,139.03,136.455,1684814400000,121265
2023-05-24,8577997.0,135.4714,135.4,135.34,136.35,135.08,1684900800000,102229
2023-05-25,8472505.0,135.4731,134.82,135.67,136.27,134.58,1684987200000,100099
2023-05-26,8579941.0,136.8728,136.11,136.94,137.6,135.63,1685073600000,96342
2023-05-30,7399867.0,137.0793,136.8,137.46,137.72,136.02,1685419200000,106370
2023-05-31,14219906.0,135.4135,136.73,135.71,136.84,134.4044,1685505600000,124522
2023-06-01,12248094.0,137.3011,136.52,137.58,138.23,135.445,1685592000000,122657
2023-06-02,12922471.0,140.6835,139.56,140.47,141.48,139.34,1685678400000,146474
2023-06-05,9542980.0,138.891,140.11,139.09,140.34,138.13,1685937600000,123995
2023-06-06,9329541.0,139.2858,138.68,139.34,140.1,138.2066,1686024000000,114190
2023-06-07,9281389.0,140.372,139.55,140.69,141.27,138.83,1686110400000,107786
2023-06-08,7370043.0,140.3491,140.67,140.73,140.89,139.4807,1686196800000,93068
2023-06-09,7253946.0,141.0738,140.35,141.01,141.8,140.21,1686283200000,99027
2023-06-12,7600196.0,140.7479,141.07,141.0,141.32,139.76,1686542400000,95387
2023-06-13,7701567.0,142.0639,140.48,142.02,142.87,140.14,1686628800000,105698
2023-06-14,9068729.0,141.7352,143.0,141.49,143.61,140.7,1686715200000,121459
2023-06-15,9343096.0,142.4466,140.59,143.09,143.4,140.03,1686801600000,110684
2023-06-16,13764512.0,143.2562,143.05,143.26,143.965,142.5,1686888000000,106347
2023-06-20,8133708.0,142.3243,142.61,142.53,143.0,141.04,1687233600000,97671
2023-06-21,9926459.0,142.7701,142.9,142.32,144.02,141.691,1687320000000,113084
2023-06-22,10076325.0,140.0866,142.31,139.58,142.6,138.95,1687406400000,113864
2023-06-23,9919539.0,138.78,138.54,138.85,139.18,137.62,1687492800000,96363
2023-06-26,8429727.0,138.9776,138.87,139.19,140.01,137.69,1687752000000,100373
2023-06-27,8154026.0,139.1811,139.0,139.2,139.84,138.54,1687838400000,98250
2023-06-28,7558644.0,138.5679,139.16,138.59,139.21,137.96,1687924800000,90805
2023-06-29,15423230.0,142.7042,140.07,143.43,143.56,139.85,1688011200000,158241
2023-06-30,14212816.0,145.1738,144.6,145.44,146.0,143.66,1688097600000,148710
2023-07-03,8021622.0,146.7011,146.19,146.61,147.48,146.0,1688356800000,90569
2023-07-05,8935519.0,144.836,144.94,144.64,145.43,144.36,1688529600000,117804
2023-07-06,9714100.0,142.653,143.02,143.21,143.39,141.4401,1688616000000,123978
2023-07-07,8981456.0,144.7871,143.91,144.34,145.8436,143.0,1688702400000,113161
2023-07-10,9100060.0,145.1726,144.5,145.15,145.99,144.5,1688961600000,109920
2023-07-11,11246642.0,147.0424,146.335,147.42,147.82,145.705,1689048000000,138629
2023-07-12,11323228.0,148.5428,147.45,148.15,149.87,147.0,1689134400000,131269
2023-07-13,11234925.0,148.7957,148.7,148.87,149.37,147.75,1689220800000,120322
2023-07-14,27028429.0,150.1386,151.55,149.77,152.89,148.41,1689307200000,267383
2023-07-17,17262394.0,152.6753,150.35,153.38,153.75,150.35,1689566400000,198342
2023-07-18,13491725.0,153.7237,153.38,153.66,154.4,152.82,1689652800000,156305
2023-07-19,12405100.0,154.1782,152.75,154.25,155.205,152.22,1689739200000,155013
2023-07-20,9935907.0,156.0587,154.53,156.15,156.59,154.41,1689825600000,128545
2023-07-21,10636378.0,155.3254,155.8,154.95,156.14,154.69,1689912000000,120853
2023-07-24,14381427.0,157.6303,154.97,158.0,158.785,154.73,1690171200000,151654
2023-07-25,9944679.0,156.9654,157.3,156.82,157.7198,155.96,1690257600000,114985
2023-07-26,8728593.0,157.3907,156.71,157.76,158.25,156.275,1690344000000,112404
2023-07-27,10778406.0,156.8925,157.77,156.02,158.78,155.5538,1690430400000,121641
2023-07-28,9105974.0,156.9395,157.28,156.91,157.6,156.4401,1690516800000,102733
2023-07-31,8894353.0,157.9276,157.18,157.96,159.38,157.151,1690776000000,107016
2023-08-01,6855682.0,156.9426,157.43,157.18,158.0,156.15,1690862400000,86483
2023-08-02,8303708.0,155.0563,155.56,155.4,155.69,153.94,1690948800000,106453
2023-08-03,6087542.0,156.148,155.0,156.35,156.92,154.35,1691035200000,79042
2023-08-04,6209397.0,156.7255,156.4,156.02,157.8,155.695,1691121600000,88307
2023-08-07,7251832.0,156.9842,156.6,156.76,157.7,156.6,1691380800000,78496
2023-08-08,8623379.0,154.6064,154.32,155.88,155.98,152.59,1691467200000,109345
2023-08-09,6277813.0,154.3222,155.32,153.79,155.52,153.47,1691553600000,83269
2023-08-10,5995076.0,153.983,154.38,153.56,155.44,153.09,1691640000000,84380
2023-08-11,5180690.0,154.0587,153.03,154.45,154.52,152.63,1691726400000,71589
2023-08-14,5044282.0,154.3355,153.61,154.77,154.9178,152.92,1691985600000,73858
2023-08-15,10300303.0,151.0194,152.85,150.83,153.2664,150.2301,1692072000000,129950
2023-08-16,6978235.0,150.4072,150.6,150.19,150.96,149.68,1692158400000,97248
2023-08-17,9953912.0,149.4739,150.88,148.63,151.2622,148.4,1692244800000,117063
2023-08-18,8517460.0,148.7866,147.65,148.97,149.5,147.4437,1692331200000,109193
2023-08-21,8327018.0,149.2954,149.65,149.48,150.105,148.02,1692590400000,114772
2023-08-22,9681972.0,146.9339,149.26,146.38,149.6394,145.85,1692676800000,119619
2023-08-23,7858021.0,146.89,146.35,147.37,147.585,145.46,1692763200000,95366
2023-08-24,6534026.0,147.6591,147.5,147.23,149.41,146.9875,1692849600000,88654
2023-08-25,6695537.0,146.9658,147.28,147.05,148.6199,145.85,1692936000000,91434
2023-08-28,5094201.0,147.7754,147.57,147.56,148.61,147.13,1693195200000,73364
2023-08-29,6336962.0,148.3758,147.71,148.76,148.85,147.18,1693281600000,75950
2023-08-30,6277318.0,148.0695,148.62,148.16,149.15,147.19,1693368000000,78925
2023-08-31,10933938.0,146.7023,148.26,146.33,148.35,145.96,1693454400000,106428
2023-09-01,7903496.0,147.1291,146.09,146.82,148.08,145.7,1693540800000,102311
2023-09-05,7854739.0,145.6657,147.16,145.2,148.2099,145.01,1693886400000,113086
2023-09-06,8629164.0,144.8844,144.7,144.96,145.54,144.11,1693972800000,109100
2023-09-07,8373738.0,144.051,144.13,143.72,145.2683,143.39,1694059200000,98409
2023-09-08,7110254.0,143.6746,143.37,143.83,144.12,142.65,1694145600000,95595
2023-09-11,6854220.0,144.3658,144.75,144.46,145.05,143.69,1694404800000,89122
2023-09-12,8363165.0,145.9841,144.5,146.34,147.32,144.05,1694491200000,112968
2023-09-13,8325914.0,146.6009,147.34,146.41,147.7,145.82,1694577600000,100835
2023-09-14,10034931.0,149.2306,147.84,149.25,149.895,147.52,1694664000000,117701
2023-09-15,19863383.0,148.8928,148.92,148.81,149.7256,148.31,1694750400000,112605
2023-09-18,6512360.0,148.7779,148.16,149.12,149.14,147.75,1695009600000,79000
2023-09-19,7945606.0,148.6482,149.5,148.93,149.72,147.21,1695096000000,92510
2023-09-20,7334257.0,149.0472,149.65,148.3,150.25,148.135,1695182400000,88656
2023-09-21,8053410.0,147.5148,147.58,147.14,148.855,146.63,1695268800000,98146
2023-09-22,7071975.0,146.1523,147.29,145.73,147.51,145.19,1695355200000,94687
2023-09-25,7044672.0,145.4336,145.35,146.45,146.52,143.7,1695614400000,93310
2023-09-26,7468405.0,144.9817,144.6,144.93,145.84,144.23,1695700800000,95020
2023-09-27,6717822.0,145.4721,145.19,145.78,146.09,144.5115,1695787200000,93081
2023-09-28,8868063.0,147.7086,146.28,147.59,148.87,146.01,1695873600000,113519
2023-09-29,11917826.0,145.8814,148.6,145.02,148.76,144.86,1695960000000,117426
2023-10-02,9170644.0,143.7039,144.83,143.77,145.6223,142.63,1696219200000,121167
2023-10-03,9427118.0,142.8411,143.2,142.71,143.59,142.355,1696305600000,112289
2023-10-04,8128748.0,142.8084,143.19,143.35,143.47,141.93,1696392000000,103414
2023-10-05,8576237.0,142.227,142.04,142.9,143.1,140.83,1696478400000,115183
2023-10-06,10255121.0,144.6656,142.91,145.1,145.88,142.14,1696564800000,115660
2023-10-09,6964907.0,144.5491,143.66,144.77,145.395,143.5005,1696824000000,96720
2023-10-10,11228769.0,145.9523,145.42,145.65,146.77,145.28,1696910400000,118649
2023-10-11,8698175.0,146.0618,146.51,146.15,147.23,145.02,1696996800000,92058
2023-10-12,10467436.0,146.0076,146.3,145.81,146.96,145.13,1697083200000,123581
2023-10-13,29487199.0,149.9691,148.5,148.0,153.11,147.84,1697169600000,270045
2023-10-16,12663461.0,147.801,149.45,147.85,149.52,146.72,1697428800000,140662
2023-10-17,11482739.0,147.8939,147.57,147.53,149.31,146.79,1697515200000,139671
2023-10-18,9620257.0,146.2996,146.59,145.91,147.48,145.37,1697601600000,118603
2023-10-19,11143631.0,145.7637,145.48,145.29,147.02,144.88,1697688000000,128562
2023-10-20,13332867.0,143.3005,144.57,142.95,145.14,142.12,1697774400000,137724
2023-10-23,10133410.0,142.1008,142.94,141.0,143.68,140.73,1698033600000,124346
2023-10-24,8881354.0,141.1721,141.19,141.17,141.73,140.36,1698120000000,109698
2023-10-25,8242565.0,140.3643,140.57,140.4,141.18,139.51,1698206400000,99967
2023-10-26,9059431.0,140.8031,139.76,140.76,141.665,139.43,1698292800000,113227
2023-10-27,17434717.0,136.4977,138.95,135.69,139.1,135.19,1698379200000,191351
2023-10-30,9855360.0,137.2317,136.44,137.42,138.04,136.04,1698638400000,119042
2023-10-31,9672460.0,138.7471,137.71,139.06,139.24,137.4728,1698724800000,109052
2023-11-01,9432048.0,139.2953,139.25,138.94,140.53,138.47,1698811200000,109880
2023-11-02,10186175.0,140.9369,140.09,141.42,141.48,139.23,1698897600000,106958
2023-11-03,9538719.0,143.0045,142.19,143.0,143.77,141.85,1698984000000,113941
2023-11-06,7625063.0,143.726,143.17,144.08,144.19,142.79,1699246800000,101065
2023-11-07,6297915.0,143.8009,143.51,144.01,144.2612,142.82,1699333200000,81895
2023-11-08,7617869.0,144.4364,144.11,144.72,144.84,143.62,1699419600000,90641
2023-11-09,7992477.0,144.6159,145.44,144.29,145.6499,143.7,1699506000000,117082
2023-11-10,7983935.0,145.7171,144.94,146.43,146.48,144.0765,1699592400000,91432
2023-11-13,6676364.0,145.6779,145.7,145.78,146.25,145.16,1699851600000,85491
2023-11-14,9927723.0,148.3564,146.68,148.44,149.25,146.52,1699938000000,128244
2023-11-15,8365296.0,149.6165,148.46,149.74,150.16,148.46,1700024400000,119818
2023-11-16,8126188.0,150.8621,150.09,151.45,151.525,150.09,1700110800000,117812
2023-11-17,7814064.0,152.4712,152.2,152.82,152.86,151.54,1700197200000,92303
2023-11-20,6885249.0,153.0212,152.08,153.29,153.75,151.92,1700456400000,91208
2023-11-21,7083506.0,153.0736,153.2,152.97,153.63,152.57,1700542800000,92283
2023-11-22,5175135.0,153.3917,153.41,153.33,153.88,152.9,1700629200000,70847
2023-11-24,3496941.0,153.7519,153.59,153.54,154.438,153.275,1700802000000,51396
2023-11-27,6259116.0,153.0768,153.43,153.19,153.53,152.71,1701061200000,76345
2023-11-28,6582937.0,153.4894,153.22,153.54,153.87,152.72,1701147600000,79946
2023-11-29,9126053.0,154.7389,154.17,154.32,155.625,154.0,1701234000000,121822
2023-11-30,9869790.0,155.6861,154.91,156.08,156.13,154.381,1701320400000,102755
2023-12-01,8916001.0,157.0469,155.82,156.84,157.86,155.82,1701406800000,115209
2023-12-04,9607465.0,157.5082,156.02,157.99,158.05,155.88,1701666000000,115074
2023-12-05,9135597.0,157.8068,157.26,157.97,158.5,156.97,1701752400000,111552
2023-12-06,9366004.0,157.1302,158.84,156.31,159.22,156.0,1701838800000,114747
2023-12-07,8130874.0,156.7485,156.69,156.79,157.31,156.15,1701925200000,89624
2023-12-08,7369370.0,158.1768,157.26,158.52,158.78,156.98,1702011600000,90982
2023-12-11,8093908.0,158.9134,158.52,159.1,159.3,158.15,1702270800000,94920
2023-12-12,10222978.0,160.2054,159.23,160.52,160.645,158.88,1702357200000,100531
2023-12-13,12379098.0,160.8838,160.52,161.06,162.03,159.77,1702443600000,115628
2023-12-14,13642990.0,163.5548,161.83,163.99,164.8399,161.705,1702530000000,157681
2023-12-15,20274148.0,164.5975,163.08,165.23,165.28,162.39,1702616400000,138045
2023-12-18,8469608.0,166.2396,165.92,166.23,167.13,165.63,1702875600000,111567
2023-12-19,9994691.0,167.7227,166.0,168.45,168.47,165.55,1702962000000,97711
2023-12-20,10698709.0,167.6426,167.99,166.55,169.41,166.45,1703048400000,109662
2023-12-21,7601678.0,166.9735,166.84,167.5,168.09,165.675,1703134800000,101395
2023-12-22,6576322.0,167.6039,167.5,167.4,168.23,167.23,1703221200000,80067
2023-12-26,4683605.0,168.3705,167.46,168.39,168.765,167.18,1703566800000,69820
2023-12-27,6400443.0,169.0729,167.84,169.4,169.47,167.58,1703653200000,78092
2023-12-28,6320129.0,170.2257,169.35,170.3,170.66,168.995,1703739600000,85073
2023-12-29,6435102.0,170.1627,170.0,170.1,170.69,169.63,1703826000000,77623
2024-01-02,9977424.0,171.2847,169.09,172.08,172.17,168.91,1704171600000,126498
2024-01-03,9852335.0,171.3335,171.86,171.33,172.04,170.37,1704258000000,120031
2024-01-04,11972545.0,172.0197,170.64,171.41,173.35,170.54,1704344400000,127133
2024-01-05,10066029.0,172.464,171.47,172.27,173.38,171.47,1704430800000,121034
2024-01-08,11177716.0,171.0314,172.02,172.02,172.36,169.485,1704690000000,120774
2024-01-09,9923630.0,170.7261,171.62,170.66,171.79,170.095,1704776400000,116625
2024-01-10,9670218.0,170.2166,170.0,171.02,171.08,168.95,1704862800000,112314
2024-01-11,11818248.0,169.6497,170.33,170.3,170.36,168.6401,1704949200000,129044
2024-01-12,19436504.0,171.5528,173.8,169.05,176.31,168.9,1705035600000,214252
2024-01-16,17206420.0,166.874,164.87,167.99,168.09,164.3,1705381200000,189670
2024-01-17,11107466.0,167.4618,167.34,167.09,169.07,166.49,1705467600000,129330
2024-01-18,9322255.0,166.5874,167.12,167.42,167.53,165.24,1705554000000,125019
2024-01-19,13115664.0,169.4246,167.55,170.31,170.57,167.08,1705640400000,136206
2024-01-22,12837505.0,170.552,170.46,170.11,171.9803,169.71,1705899600000,141845
2024-01-23,8348929.0,169.0759,169.67,168.99,169.75,168.44,1705986000000,109215
2024-01-24,9966060.0,170.3658,169.36,170.5,171.01,168.8627,1706072400000,116089
2024-01-25,8873481.0,172.2758,172.31,172.94,172.99,170.905,1706158800000,114202
2024-01-26,7442955.0,172.4065,172.61,172.28,173.06,171.78,1706245200000,109372
2024-01-29,6971192.0,172.2448,172.24,172.73,172.84,171.3,1706504400000,91879
2024-01-30,10822075.0,175.5686,172.83,176.27,176.7603,172.83,1706590800000,126763
2024-01-31,11503320.0,175.8247,176.2,174.36,178.3,174.34,1706677200000,142722
2024-02-01,9340048.0,173.2619,173.64,173.73,174.84,171.43,1706763600000,122037
2024-02-02,8607839.0,174.7837,173.3,174.73,175.8162,173.26,1706850000000,111119
2024-02-05,7820160.0,174.2824,173.86,174.5,175.09,172.92,1707109200000,95895
2024-02-06,6737414.0,174.7172,174.61,175.1,175.87,173.76,1707195600000,96259
2024-02-07,7225478.0,175.1375,175.69,175.43,175.87,173.96,1707282000000,93011
2024-02-08,6043485.0,174.4885,175.0,174.8,175.3058,173.57,1707368400000,87458
2024-02-09,6296729.0,174.6923,175.0,175.01,175.1,173.6731,1707454800000,86426
2024-02-12,8539316.0,175.7536,174.78,175.79,176.808,173.7,1707714000000,99614
2024-02-13,8397631.0,174.1701,175.32,174.26,176.2299,172.615,1707800400000,119866
2024-02-14,7056664.0,175.3862,175.07,176.03,176.1,174.42,1707886800000,92056
2024-02-15,8723390.0,179.3023,176.15,179.87,180.21,176.15,1707973200000,120899
2024-02-16,8010147.0,178.9673,179.61,179.03,179.98,178.16,1708059600000,99552
2024-02-20,9665709.0,179.7376,179.19,179.73,180.46,178.405,1708405200000,103048
2024-02-21,7027857.0,180.2036,179.95,180.9,180.99,178.52,1708491600000,96763
2024-02-22,9296459.0,182.7883,181.82,183.07,183.42,181.24,1708578000000,111935
2024-02-23,7105833.0,184.196,183.81,183.99,185.2,183.19,1708664400000,108274
2024-02-26,7145391.0,183.3274,183.75,183.36,184.46,182.48,1708923600000,98131
2024-02-27,5662565.0,182.9531,183.31,183.45,183.54,182.24,1709010000000,88774
2024-02-28,6131608.0,184.4134,183.43,184.38,185.2,182.96,1709096400000,90914
2024-02-29,9643012.0,185.571,185.66,186.06,186.43,183.85,1709182800000,100056
2024-03-01,6311996.0,185.4901,185.7,185.29,186.44,185.1,1709269200000,93782
2024-03-04,7063605.0,186.6475,184.71,186.68,187.59,184.27,1709528400000,113139
2024-03-05,6617832.0,188.316,186.36,188.55,189.3,186.36,1709614800000,109772
2024-03-06,7572891.0,189.4046,189.25,189.53,190.07,187.63,1709701200000,118929
2024-03-07,7618277.0,188.1675,189.91,187.87,190.5,186.63,1709787600000,107504
2024-03-08,6172199.0,188.7037,188.44,188.22,190.455,187.92,1709874000000,98917
2024-03-11,5762569.0,187.5541,187.28,188.29,188.44,186.22,1710129600000,96839
2024-03-12,5708384.0,189.5245,188.95,189.84,190.16,187.91,1710216000000,88346
2024-03-13,7795535.0,191.2072,190.36,191.38,191.73,189.84,1710302400000,107982
2024-03-14,10310948.0,188.5664,191.03,187.97,191.63,187.103,1710388800000,134594
2024-03-15,17214229.0,189.6294,186.48,190.3,190.94,186.48,1710475200000,137652
2024-03-18,9013713.0,192.0158,190.63,192.66,192.7,189.89,1710734400000,109664
2024-03-19,8475517.0,193.4709,192.71,193.79,193.93,192.38,1710820800000,103993
2024-03-20,9367043.0,195.6171,194.19,196.33,196.56,193.61,1710907200000,129684
2024-03-21,11203796.0,198.6853,196.52,199.06,199.43,196.33,1710993600000,139164
2024-03-22,8108840.0,197.5226,199.01,196.62,200.48,196.54,1711080000000,109826
2024-03-25,8577015.0,195.118,196.6,194.82,196.94,194.36,1711339200000,117615
2024-03-26,5961484.0,195.7978,194.59,195.73,196.66,194.0554,1711425600000,93555
2024-03-27,8725757.0,198.3335,196.5,199.52,199.6,196.38,1711512000000,104834
2024-03-28,8628313.0,200.0362,199.49,200.3,200.72,198.54,1711598400000,113186
2024-04-01,7309009.0,199.1407,199.99,198.94,200.94,198.565,1711944000000,110845
2024-04-02,7014683.0,198.8779,198.39,198.86,199.78,198.08,1712030400000,101851
2024-04-03,9353426.0,198.5897,199.04,198.3,199.56,197.7,1712116800000,119186
2024-04-04,9243793.0,197.5601,199.15,195.65,199.68,195.55,1712203200000,124155
2024-04-05,6532278.0,197.0448,196.16,197.45,198.1224,195.11,1712289600000,111367
2024-04-08,8000963.0,198.3801,197.62,198.48,198.98,197.62,1712548800000,118390
2024-04-09,7334031.0,196.702,198.07,197.15,198.88,194.91,1712635200000,110849
2024-04-10,7681377.0,195.4359,195.55,195.47,197.07,194.18,1712721600000,129335
2024-04-11,10133789.0,195.2223,196.0,195.43,196.57,193.24,1712808000000,149508
2024-04-12,31532308.0,184.9688,188.32,182.79,188.93,182.54,1712894400000,377969
2024-04-15,14266551.0,184.4365,184.5,182.89,187.46,182.195,1713153600000,203260
2024-04-16,15790397.0,180.7366,182.9,180.8,183.16,179.65,1713240000000,208773
2024-04-17,8893394.0,180.4756,181.37,180.08,182.4199,179.2,1713326400000,133224
2024-04-18,9103239.0,181.6465,181.1,181.25,183.36,179.97,1713412800000,124272
2024-04-19,12605694.0,184.4451,182.4,185.8,185.88,181.41,1713499200000,148635
2024-04-22,10982074.0,188.5942,185.99,189.41,190.125,185.98,1713758400000,137857
2024-04-23,8536013.0,191.6849,191.13,192.14,192.225,190.52,1713844800000,126273
2024-04-24,6803689.0,192.1976,190.53,193.08,193.23,190.17,1713931200000,113813
2024-04-25,8521858.0,192.9984,192.25,193.37,193.935,191.18,1714017600000,119020
2024-04-26,6219221.0,193.8139,193.57,193.49,194.87,193.06,1714104000000,94289
2024-04-29,5272892.0,193.401,193.48,193.28,194.26,192.43,1714363200000,93319
2024-04-30,8003262.0,192.7654,192.81,191.74,194.99,191.64,1714449600000,116297
2024-05-01,7010946.0,192.3338,192.27,191.86,194.46,190.79,1714536000000,122811
2024-05-02,6195276.0,191.2237,193.07,191.66,193.5,189.52,1714622400000,103843
2024-05-03,8854081.0,190.3511,192.0,190.51,192.529,188.46,1714708800000,134420
2024-05-06,7392533.0,191.1408,191.73,192.0,192.2,189.815,1714968000000,125562
2024-05-07,7518051.0,192.1622,191.7,191.75,192.93,191.65,1715054400000,115103
2024-05-08,9142478.0,194.2654,191.0,195.65,196.65,191.0,1715140800000,134441
2024-05-09,7878774.0,196.8481,195.17,197.5,197.59,195.1,1715227200000,118192
2024-05-10,7444731.0,198.8668,198.54,198.77,199.3399,198.27,1715313600000,110117
2024-05-13,6733621.0,198.8852,198.8,198.73,199.85,198.04,1715572800000,98097
2024-05-14,8486884.0,200.4248,199.0,201.51,201.58,198.16,1715659200000,124690
2024-05-15,8029534.0,201.2132,202.01,202.11,202.69,199.77,1715745600000,127300
2024-05-16,8301562.0,203.0404,202.22,202.47,204.48,201.9901,1715832000000,123416
2024-05-17,9150400.0,204.3864,203.81,204.79,205.05,202.8149,1715918400000,122652
2024-05-20,16766443.0,199.0832,204.39,195.58,205.88,195.4,1716177600000,226999
2024-05-21,13905556.0,198.7093,197.0,199.52,199.9,196.6,1716264000000,185044
2024-05-22,9337967.0,198.9538,199.0,198.31,200.935,197.69,1716350400000,133531
2024-05-23,7772092.0,197.1525,197.81,196.92,198.3,196.07,1716436800000,109245
2024-05-24,7006112.0,200.0138,197.75,200.71,200.76,197.56,1716523200000,98109
2024-05-28,6800534.0,199.477,199.86,199.5,200.41,198.66,1716868800000,113296
2024-05-29,5609540.0,198.0948,198.0,198.11,198.99,196.89,1716955200000,100421
2024-05-30,6463099.0,199.2793,198.56,199.33,199.85,198.4,1717041600000,103479
2024-05-31,13671160.0,201.6475,199.3,202.63,203.3,198.35,1717128000000,123572
2024-06-03,6168123.0,201.0959,202.31,201.82,202.42,199.19,1717387200000,113418
2024-06-04,6672529.0,199.4672,200.16,199.16,201.98,198.28,1717473600000,111094
2024-06-05,8089288.0,197.731,199.76,197.26,199.82,196.92,1717560000000,118126
2024-06-06,7496415.0,196.8285,197.26,196.91,198.02,195.33,1717646400000,108829
2024-06-07,6773725.0,199.8294,197.43,199.95,200.92,197.01,1717732800000,97269
2024-06-10,5916324.0,199.576,199.24,199.61,200.84,198.44,1717992000000,102068
2024-06-11,9112488.0,194.6513,197.91,194.36,197.94,193.6,1718078400000,132086
2024-06-12,12594939.0,192.7354,196.0,191.53,196.72,191.31,1718164800000,180092
2024-06-13,8473435.0,193.1552,192.32,193.66,194.58,190.88,1718251200000,111430
2024-06-14,6523075.0,193.4749,191.45,193.78,194.86,191.42,1718337600000,99271
2024-06-17,8008638.0,194.749,193.48,194.98,195.58,192.64,1718596800000,110356
2024-06-18,8601737.0,196.7457,194.6,197.0,197.96,194.13,1718683200000,113377
2024-06-20,8281076.0,197.9642,196.39,198.67,199.45,196.11,1718856000000,123085
2024-06-21,19711390.0,196.0344,196.71,196.3,197.17,194.22,1718942400000,142151
2024-06-24,9499781.0,198.5864,197.81,198.88,199.23,197.1,1719201600000,135167
2024-06-25,6529272.0,198.5962,198.09,198.07,200.07,197.74,1719288000000,103764
2024-06-26,7351224.0,197.227,197.45,197.43,197.94,196.275,1719374400000,108411
2024-06-27,7448593.0,198.9616,197.44,199.17,199.86,196.9,1719460800000,102979
2024-06-28,14155246.0,201.8693,200.01,202.26,202.6,199.3018,1719547200000,140397
2024-07-01,9340169.0,205.7042,202.84,205.45,207.09,202.66,1719806400000,145715
2024-07-02,7598550.0,207.356,205.29,208.83,208.86,204.77,1719892800000,118185
2024-07-03,5476170.0,208.4913,209.55,208.69,210.38,207.65,1719979200000,86986
2024-07-05,7635771.0,205.2058,206.99,204.79,207.37,204.52,1720152000000,123263
2024-07-08,8097576.0,205.1754,205.04,205.17,206.9,203.97,1720411200000,129374
2024-07-09,8517579.0,207.8424,205.63,207.63,209.76,205.45,1720497600000,128290
